Date,Symbol,Open,High,Low,Close,Volume LTC,Volume USD
01/07/2019,LTCUSD,122.06,125.56,120.52,124.83,29247.36,3602197.39
30/06/2019,LTCUSD,133.21,136.81,119.3,122.06,478184.18,61667982.37
29/06/2019,LTCUSD,119.47,136.5,115,133.21,529053.25,67414450.08
28/06/2019,LTCUSD,114.16,121.8,112.35,119.47,345758.71,40530765.88
27/06/2019,LTCUSD,130.64,132.11,109.09,114.16,812790.58,95848076.48
26/06/2019,LTCUSD,135.55,138.21,123,130.64,699143.78,93496130.47
25/06/2019,LTCUSD,135.26,138.33,129,135.55,275704.04,37017233.4
24/06/2019,LTCUSD,136.66,136.66,132.13,135.26,216636.01,29153891.15
23/06/2019,LTCUSD,141.46,142.2,135.2,136.66,234829.3,32753230.82
22/06/2019,LTCUSD,139.04,146,137.56,141.46,548256.3,77550932.69
21/06/2019,LTCUSD,135.75,141.53,135.35,139.04,334033.78,46033204.23
20/06/2019,LTCUSD,136.81,137.15,133.37,135.75,157209,21243510.52
19/06/2019,LTCUSD,135.1,139.66,133.57,136.81,238145.38,32664069.27
18/06/2019,LTCUSD,134.21,136.98,128.91,135.1,242769.92,32330400.8
17/06/2019,LTCUSD,137,137.4,132.05,134.21,220598.11,29751244.56
16/06/2019,LTCUSD,138.35,139.14,133.07,137,267963.3,36476362.88
15/06/2019,LTCUSD,132.56,140,132.56,138.35,274554.23,37518923.38
14/06/2019,LTCUSD,130.89,133.23,125.6,132.56,340800.6,44270987.29
13/06/2019,LTCUSD,136.19,136.99,128,130.89,378795.44,50458825.22
12/06/2019,LTCUSD,136.2,144.34,130.45,136.19,629423.83,86833837.51
11/06/2019,LTCUSD,129.76,138.99,125.34,136.2,583571.82,77207829.53
10/06/2019,LTCUSD,114.83,130.78,112.66,129.76,583717.09,72504829.91
09/06/2019,LTCUSD,118.5,119.3,111.09,114.83,275844.02,31789640.01
08/06/2019,LTCUSD,117.07,120,114,118.5,255271.04,29838595.45
07/06/2019,LTCUSD,111.47,121.57,109.9,117.07,474747.93,55157960.57
06/06/2019,LTCUSD,103.79,112.33,101.05,111.47,303909.2,32167356.37
05/06/2019,LTCUSD,102.14,106,100,103.79,245190.29,25206234.36
04/06/2019,LTCUSD,105.87,106.34,97.05,102.14,519489.74,53061393.86
03/06/2019,LTCUSD,114.55,116.11,104.59,105.87,301745.84,33410373.21
02/06/2019,LTCUSD,112.48,116.65,111.9,114.55,160880.92,18394347.88
01/06/2019,LTCUSD,114.47,116.11,111,112.48,222288.69,25252892.05
31/05/2019,LTCUSD,107.95,114.8,104.47,114.47,262074.79,28670290.15
30/05/2019,LTCUSD,115.29,121,101.7,107.95,596280.16,67549260.94
29/05/2019,LTCUSD,114.95,118.49,108.52,115.29,309628.61,35564142.18
28/05/2019,LTCUSD,116.5,118.21,111.58,114.95,297805.53,34181911.44
27/05/2019,LTCUSD,112.56,122,110.58,116.5,592652.35,68219178.35
26/05/2019,LTCUSD,103.02,114.5,99,112.56,401668.02,43046783.55
25/05/2019,LTCUSD,100.5,104.95,98.8,103.02,287713.05,29489471.73
24/05/2019,LTCUSD,88.95,103.9,88.21,100.5,569272.75,55982228.92
23/05/2019,LTCUSD,87.72,89.87,84.75,88.95,169313.05,14807176.84
22/05/2019,LTCUSD,91.25,92.58,85.65,87.72,254405.84,22735743.04
21/05/2019,LTCUSD,91.69,93.5,89.46,91.25,164062.37,15003487.79
20/05/2019,LTCUSD,95.06,95.09,87.34,91.69,278978.2,25440085.98
19/05/2019,LTCUSD,86.65,97.28,86.24,95.06,372348.13,34766073.18
18/05/2019,LTCUSD,89.88,90.61,85.2,86.65,172760.87,15192693.74
17/05/2019,LTCUSD,95.75,97.55,84,89.88,586522.2,51883315.99
16/05/2019,LTCUSD,102.26,107.6,90.81,95.75,794273.51,78662475.38
15/05/2019,LTCUSD,91.69,104.49,90.5,102.26,722624.46,70789577.98
14/05/2019,LTCUSD,87.78,94.44,85.61,91.69,525564.04,47524747.75
13/05/2019,LTCUSD,84.79,93.48,84.11,87.78,550967.8,49136902.12
12/05/2019,LTCUSD,88.31,94.3,83,84.79,673930.93,59257433.94
11/05/2019,LTCUSD,76.68,95.99,76.68,88.31,746240.91,65493441.32
10/05/2019,LTCUSD,73.76,79.24,72.38,76.68,266665.97,20245651.55
09/05/2019,LTCUSD,73.83,75.59,72.2,73.76,176632.48,13035322.13
08/05/2019,LTCUSD,73.33,75,71.31,73.83,150863.51,11031282.11
07/05/2019,LTCUSD,74.09,77.9,74.09,76.34,87322.13,6683084.2
06/05/2019,LTCUSD,74.79,76.09,70.55,74.09,178759.99,13145541.76
05/05/2019,LTCUSD,76.92,77.33,74.4,74.79,85305.79,6462460.47
04/05/2019,LTCUSD,77.72,81.5,73.5,76.92,206169.25,15986190.2
03/05/2019,LTCUSD,72.16,79.87,71.94,77.72,215395.11,16588557.92
02/05/2019,LTCUSD,72.52,73.4,71.36,72.16,78668.67,5687294.06
01/05/2019,LTCUSD,73.51,74.9,71,72.52,143974.55,10463693.1
30/04/2019,LTCUSD,66.55,74,66.55,73.51,213160.16,15087550.99
29/04/2019,LTCUSD,67.78,68.36,64.86,66.55,124938.37,8289011.38
28/04/2019,LTCUSD,70.55,70.83,66.77,67.78,153197.63,10473298.04
27/04/2019,LTCUSD,71.64,71.83,70.19,70.55,72380.1,5144455.75
26/04/2019,LTCUSD,70.67,73.5,68.88,71.64,222771.58,15835720.99
25/04/2019,LTCUSD,73.14,74.73,68.88,70.67,199111.84,14353778
24/04/2019,LTCUSD,74.32,75.14,70.26,73.14,294040.15,21302608.02
23/04/2019,LTCUSD,76.93,79.77,73.87,74.32,201957.64,15629332.07
22/04/2019,LTCUSD,77.23,78.3,75.4,76.93,155423.43,11954116.61
21/04/2019,LTCUSD,81.69,82.4,73.54,77.23,207091.55,15863847.61
20/04/2019,LTCUSD,82.57,83.08,79.66,81.69,98430.32,8021828.67
19/04/2019,LTCUSD,82.07,83.73,80.02,82.57,133750.64,10940302.79
18/04/2019,LTCUSD,79.15,83.9,79.14,82.07,176599.74,14421563.48
17/04/2019,LTCUSD,80.89,82.18,78.52,79.15,108074.64,8634174.58
16/04/2019,LTCUSD,78.24,81.86,77.18,80.89,149868.3,11950601.8
15/04/2019,LTCUSD,83.77,84.73,74.95,78.24,260609.48,20823938.43
14/04/2019,LTCUSD,77.95,83.94,76.5,83.77,133001.29,10606877.23
13/04/2019,LTCUSD,78.92,81.63,76.35,77.95,121252.31,9545664.85
12/04/2019,LTCUSD,79.23,81.2,75.44,78.92,171598.88,13452434.53
11/04/2019,LTCUSD,88.43,88.9,75.33,79.23,341644.92,27351078.05
10/04/2019,LTCUSD,86.89,91.99,86.51,88.43,196967.51,17491089.77
09/04/2019,LTCUSD,89.49,89.7,83.81,86.89,169181.21,14762027
08/04/2019,LTCUSD,91.88,94.36,86.58,89.49,272635.43,24514295.09
07/04/2019,LTCUSD,92.37,95.4,89.12,91.88,251501.21,23276040.94
06/04/2019,LTCUSD,88.88,97.88,85.31,92.37,387986.22,35933717.47
05/04/2019,LTCUSD,84.95,90.4,84.13,88.88,257148.01,22514442.81
04/04/2019,LTCUSD,85.72,90.84,80.37,84.95,439429.45,37471679.6
03/04/2019,LTCUSD,77.5,99.89,73.04,85.72,1374140.03,119179926.6
02/04/2019,LTCUSD,60.35,79.38,60.17,77.5,695413,48823272.62
01/04/2019,LTCUSD,60.35,60.83,59.9,60.35,71539.79,4321146.13
19/03/2019,LTCUSD,58.99,59.67,58.97,59.32,11394.81,675600.8
18/03/2019,LTCUSD,60.29,62.22,57.8,58.99,166818.58,9966899.29
17/03/2019,LTCUSD,61.01,61.02,59.38,60.29,89864.17,5419336.12
16/03/2019,LTCUSD,58.13,61.58,58.12,61.01,244276.18,14772491.77
15/03/2019,LTCUSD,55.61,58.58,55.6,58.13,157772.5,9056926.17
14/03/2019,LTCUSD,55.06,57.63,53.11,55.61,145070.99,8034640.65
13/03/2019,LTCUSD,56.2,56.46,54.12,55.06,102059.99,5656269.13
12/03/2019,LTCUSD,54.65,56.7,52.15,56.2,226626,12452092.22
11/03/2019,LTCUSD,56.3,56.95,53.75,54.65,164760.34,9070631.2
10/03/2019,LTCUSD,57.43,57.45,55.77,56.3,127489.6,7202016.88
09/03/2019,LTCUSD,55.33,59,55.12,57.43,235354.07,13477189.6
08/03/2019,LTCUSD,56.51,57.38,54.02,55.33,219801.01,12288137.62
07/03/2019,LTCUSD,55.17,58.87,53.66,56.51,411475.52,23251830.54
06/03/2019,LTCUSD,52.3,56.58,51.22,55.17,301137.8,16272838.5
05/03/2019,LTCUSD,45.64,53.98,45.33,52.3,376918.78,19266102.65
04/03/2019,LTCUSD,47.49,48,44.4,45.64,174500.27,8037941.91
03/03/2019,LTCUSD,48.25,48.73,46.78,47.49,91744.82,4392082.01
02/03/2019,LTCUSD,46.81,49.11,46.41,48.25,121269.78,5794584.8
01/03/2019,LTCUSD,45.44,48.7,45.26,46.81,199177.21,9402655.69
28/02/2019,LTCUSD,44.96,46.65,44.38,45.44,186817.89,8521238.35
27/02/2019,LTCUSD,44.66,45.31,42.4,44.96,194640.03,8617709.82
26/02/2019,LTCUSD,45.37,45.7,44.05,44.66,123268.04,5518481.96
25/02/2019,LTCUSD,43.57,46.84,43.2,45.37,264717.27,11926838.2
24/02/2019,LTCUSD,51.19,53.49,42.5,43.57,524699.34,24828123.39
23/02/2019,LTCUSD,49.07,51.73,48.02,51.19,238649.55,11974254.93
22/02/2019,LTCUSD,48.46,49.47,47.83,49.07,162609.19,7948917.74
21/02/2019,LTCUSD,51.08,51.27,47.52,48.46,228567.44,11243692.37
20/02/2019,LTCUSD,46.91,51.91,46.24,51.08,354037.81,17695460.15
19/02/2019,LTCUSD,47.34,48.8,46.49,46.91,276660.16,13158563
18/02/2019,LTCUSD,43.45,48.72,43.12,47.34,477161.13,21986842.52
17/02/2019,LTCUSD,43.15,44.44,42.06,43.45,188531.85,8106329.06
16/02/2019,LTCUSD,42.08,43.91,41.92,43.15,141824.19,6106492.51
15/02/2019,LTCUSD,40.93,44.2,40.81,42.08,187513.19,7884816.28
14/02/2019,LTCUSD,41.21,41.99,39.64,40.93,129061.93,5301573.51
13/02/2019,LTCUSD,43.35,44.34,40.24,41.21,201482.89,8471033.07
12/02/2019,LTCUSD,42.37,44.06,41.4,43.35,186547.85,8010085.57
11/02/2019,LTCUSD,46.51,46.55,41.11,42.37,296191.09,12843798.4
10/02/2019,LTCUSD,44.2,47,41.72,46.51,327183.91,14725993.88
09/02/2019,LTCUSD,42.56,46.01,41.79,44.2,375044.94,16303713.9
08/02/2019,LTCUSD,32.85,44.44,32.52,42.56,732137.47,28865386.31
07/02/2019,LTCUSD,32.47,33.19,32.41,32.85,70777.66,2319676.97
06/02/2019,LTCUSD,33.95,34.1,31.95,32.47,159730.69,5215475.44
05/02/2019,LTCUSD,33.64,34.15,33.29,33.95,90917.86,3065715.68
04/02/2019,LTCUSD,32.87,34.04,32.87,33.64,108709.9,3650269.72
03/02/2019,LTCUSD,34.18,34.58,32.47,32.87,181736.38,6087193.31
02/02/2019,LTCUSD,32.37,34.66,32.19,34.18,145054.34,4812267.37
01/02/2019,LTCUSD,31.24,33.21,30.57,32.37,189140.88,6074436.39
31/01/2019,LTCUSD,31.53,32.22,30.82,31.24,96306.47,3030999.36
30/01/2019,LTCUSD,30.69,31.75,30.42,31.53,111601.46,3484632.6
29/01/2019,LTCUSD,30.96,31.21,29.86,30.69,85263.97,2608991.43
28/01/2019,LTCUSD,32.02,32.27,29.81,30.96,194687.67,5989448.37
27/01/2019,LTCUSD,32.64,32.9,31.06,32.02,98025.38,3167658.81
26/01/2019,LTCUSD,32.73,33.99,32.51,32.64,135810.28,4490514.28
25/01/2019,LTCUSD,32.47,32.95,31.84,32.73,145986.93,4720035.29
24/01/2019,LTCUSD,31.6,33.13,31.08,32.47,133865.54,4304147.88
23/01/2019,LTCUSD,31.48,32.2,31.31,31.6,98140.77,3111494.67
22/01/2019,LTCUSD,30.82,32.01,29.43,31.48,159079.17,4935419.91
21/01/2019,LTCUSD,30.61,31.37,30.38,30.82,84998.87,2616274.15
20/01/2019,LTCUSD,32.22,33.08,30.2,30.61,159522,4998679.51
19/01/2019,LTCUSD,30.96,33.15,30.95,32.22,110403.05,3548316.58
18/01/2019,LTCUSD,31.62,31.7,30.55,30.96,80798.25,2511289.52
17/01/2019,LTCUSD,31.4,31.73,29.98,31.62,160402.37,4958088.15
16/01/2019,LTCUSD,31.01,32.15,30.69,31.4,102471.59,3203398.71
15/01/2019,LTCUSD,32.07,32.48,30.22,31.01,170820.73,5395721.3
14/01/2019,LTCUSD,29.92,32.96,29.8,32.07,185346.71,5845241.31
13/01/2019,LTCUSD,32.04,32.88,29.51,29.92,239906.21,7386545.87
12/01/2019,LTCUSD,31.79,32.61,31.5,32.04,112336.85,3593169.52
11/01/2019,LTCUSD,33.27,33.71,30.73,31.79,227730.57,7420590.27
10/01/2019,LTCUSD,38.58,39.25,31.91,33.27,443924.07,15295243.31
09/01/2019,LTCUSD,39.13,40.03,38.31,38.58,165237.49,6480577.12
08/01/2019,LTCUSD,37.66,41.27,37.52,39.13,362153.34,14262230.25
07/01/2019,LTCUSD,38.88,39.48,37.21,37.66,234728.42,8951652.74
06/01/2019,LTCUSD,34.48,40.12,34.06,38.88,455906.14,17188518.79
05/01/2019,LTCUSD,32.02,36.11,32.01,34.48,333280.74,11443033.08
04/01/2019,LTCUSD,31.6,32.64,31.02,32.02,137648.46,4379612.16
03/01/2019,LTCUSD,32.94,33.1,31,31.6,115963.67,3700351.32
02/01/2019,LTCUSD,31.68,33.62,31.33,32.94,145815.46,4724392.76
01/01/2019,LTCUSD,29.78,31.96,29.12,31.68,159418.7,4840896.41
31/12/2018,LTCUSD,31.56,31.62,29.42,29.78,170381.65,5176293.63
30/12/2018,LTCUSD,30.69,31.95,29.95,31.56,149556.15,4657326.72
29/12/2018,LTCUSD,32.22,33.24,30.3,30.69,208135.59,6632606.1
28/12/2018,LTCUSD,27.72,33.53,27.72,32.22,312456.67,9701505.92
27/12/2018,LTCUSD,30.52,31.09,27.48,27.72,223032.66,6419969.31
26/12/2018,LTCUSD,30.77,31.89,28.9,30.52,248511.84,7525060.41
25/12/2018,LTCUSD,33.05,33.05,29.66,30.77,297121.66,9136381.49
24/12/2018,LTCUSD,33.07,36.78,32.52,33.05,504870.25,17584193.8
23/12/2018,LTCUSD,31.59,33.84,31.43,33.07,258853.22,8471147.46
22/12/2018,LTCUSD,30.2,31.6,29.73,31.59,136704.59,4177458.57
21/12/2018,LTCUSD,32.36,33.06,29.62,30.2,444190.39,13956015.03
20/12/2018,LTCUSD,29.05,33.2,28.66,32.36,482241.62,15137946.39
19/12/2018,LTCUSD,30.12,31.59,28.64,29.05,446339.18,13493901.87
18/12/2018,LTCUSD,28.88,30.2,27.71,30.12,285005.48,8212543.71
17/12/2018,LTCUSD,25.24,30.48,25.15,28.88,484721.53,13696876.84
16/12/2018,LTCUSD,23.4,26.67,23.33,25.24,411657.61,10543056.06
15/12/2018,LTCUSD,23.17,23.83,22.89,23.4,152883.92,3562657.16
14/12/2018,LTCUSD,22.84,23.46,22.17,23.17,213934.62,4878512.25
13/12/2018,LTCUSD,24,24.17,22.68,22.84,172173.12,4032087.53
12/12/2018,LTCUSD,23.22,24.89,23.01,24,162500.83,3923099.43
11/12/2018,LTCUSD,23.97,24.38,22.72,23.28,164065.25,3852646.34
10/12/2018,LTCUSD,25.3,25.65,23.55,23.97,203874.25,4977740.35
09/12/2018,LTCUSD,24.19,26.62,24.06,25.3,216983.85,5516359.81
08/12/2018,LTCUSD,24.77,26.7,22.95,24.19,399853.54,9805793.1
07/12/2018,LTCUSD,26.25,26.34,22.24,24.77,711696.86,17454260.19
06/12/2018,LTCUSD,28.71,30.2,25.73,26.25,322613.92,9015919
05/12/2018,LTCUSD,30.71,31.06,28.58,28.71,208970.1,6197846.05
04/12/2018,LTCUSD,30.5,31.86,29.5,30.71,175540.82,5406859.09
03/12/2018,LTCUSD,33.34,33.45,29.56,30.5,253956.81,7910329.44
02/12/2018,LTCUSD,33.77,34.6,32.78,33.34,165147.07,5549736.66
01/12/2018,LTCUSD,31.65,34.8,31.02,33.77,182729.46,6060324.98
30/11/2018,LTCUSD,33.5,34.15,30.77,31.66,232383.52,7471132.76
29/11/2018,LTCUSD,34.43,35.4,32.7,33.5,281310.58,9522686.23
28/11/2018,LTCUSD,30.85,36,30.71,34.43,459881.44,15506907.84
27/11/2018,LTCUSD,29.1,31.32,28.23,30.85,276649.15,8196567.04
26/11/2018,LTCUSD,30.43,31.8,27.56,29.1,451762.94,13387985.1
25/11/2018,LTCUSD,28.6,31.92,26.37,30.43,540573.9,15430042.66
24/11/2018,LTCUSD,31.69,32.98,27.67,28.6,327796.99,9755649.36
23/11/2018,LTCUSD,31.3,32.77,30.33,31.69,241295.09,7557451.08
22/11/2018,LTCUSD,34.29,34.7,31.13,31.3,200443.3,6662140.89
21/11/2018,LTCUSD,32.28,34.44,31.06,34.29,353847.55,11621298.66
20/11/2018,LTCUSD,35.75,37.5,30.25,32.28,737208.95,24541104.14
19/11/2018,LTCUSD,41.86,41.87,34.73,35.75,488783.21,18238406.92
18/11/2018,LTCUSD,41.54,42.95,41.5,41.86,67593.77,2841304.77
17/11/2018,LTCUSD,41.73,41.75,41.15,41.54,65666.56,2720506.51
16/11/2018,LTCUSD,43.36,43.61,41.25,41.73,115269.62,4893664.92
15/11/2018,LTCUSD,42.69,43.74,39.41,43.36,301599,12702582.57
14/11/2018,LTCUSD,48.84,49.95,40.06,42.69,525331.39,22827075.56
13/11/2018,LTCUSD,50.33,50.43,48.31,48.84,92919.55,4594608.72
12/11/2018,LTCUSD,50.8,51.34,50,50.33,60290.29,3048015.96
11/11/2018,LTCUSD,51.86,51.99,49.5,50.8,61890.97,3130894.04
10/11/2018,LTCUSD,51.66,52.23,51.45,51.86,26446.5,1372234.5
09/11/2018,LTCUSD,52.04,52.53,51.07,51.66,69029.83,3569829.48
08/11/2018,LTCUSD,53.82,54.45,51.9,52.04,84158.76,4461404.57
07/11/2018,LTCUSD,55.84,56.4,53.3,53.82,115428.72,6328880.82
06/11/2018,LTCUSD,53.45,55.98,53.43,55.84,135035.44,7344402.38
05/11/2018,LTCUSD,53.88,54.7,52.58,53.45,98711.96,5273113.93
04/11/2018,LTCUSD,50.61,55.94,50.47,53.88,140350.55,7533090.33
03/11/2018,LTCUSD,51.13,51.25,50.34,50.61,41411.14,2105011.84
02/11/2018,LTCUSD,50.19,51.66,50.08,51.13,68870.11,3510457.98
01/11/2018,LTCUSD,49.47,50.45,49.4,50.19,64196.39,3199251.1
31/10/2018,LTCUSD,48.95,50.32,47.6,49.47,87354.81,4289513.06
30/10/2018,LTCUSD,48.44,49.15,48.36,48.95,75959.68,3704735.5
29/10/2018,LTCUSD,51.53,51.63,47.34,48.44,155677.43,7645676.5
28/10/2018,LTCUSD,51.53,51.66,51.11,51.53,37565.28,1930645.5
27/10/2018,LTCUSD,51.59,51.82,51.3,51.53,34674.63,1786316.2
26/10/2018,LTCUSD,51.71,52.38,51.16,51.59,61266.43,3166802.58
25/10/2018,LTCUSD,51.85,51.96,51.54,51.71,40780.03,2109990.65
24/10/2018,LTCUSD,52.1,52.59,51.7,51.85,61781.25,3218217.57
23/10/2018,LTCUSD,51.67,52.49,51.4,52.1,63509.19,3293643.28
22/10/2018,LTCUSD,52.23,52.49,51.4,51.67,68519.49,3553547.81
21/10/2018,LTCUSD,52.83,53.11,52.03,52.23,50064.64,2638376.42
20/10/2018,LTCUSD,52.5,53,52.08,52.83,53320.38,2803078.65
19/10/2018,LTCUSD,51.73,53.12,51.47,52.5,81075.03,4244240.37
18/10/2018,LTCUSD,52.81,53.39,51.01,51.73,82174.6,4286196.91
17/10/2018,LTCUSD,53.1,53.24,52.25,52.81,102032.11,5374713.5
16/10/2018,LTCUSD,53.39,53.44,53.39,53.44,0,0
15/10/2018,LTCUSD,51.36,56.77,51.01,53.39,295022.87,15860780.45
14/10/2018,LTCUSD,53.05,53.35,51.1,51.36,69342.8,3630176.5
13/10/2018,LTCUSD,53.03,53.85,52.52,53.05,74551.19,3966962.55
12/10/2018,LTCUSD,50.55,53.43,50.15,53.03,139811.97,7286078.4
11/10/2018,LTCUSD,57.49,57.49,50.04,50.55,356799.37,18675095.1
10/10/2018,LTCUSD,58.43,58.46,56.85,57.49,90734.4,5211529.05
09/10/2018,LTCUSD,59.24,59.4,58.02,58.43,60769.49,3561212.15
08/10/2018,LTCUSD,57.9,59.79,57.36,59.24,102008.01,5991199.8
07/10/2018,LTCUSD,57.7,58.22,56.85,57.9,53935.11,3105661.63
06/10/2018,LTCUSD,58.47,58.67,56.7,57.7,61074.98,3520809.29
05/10/2018,LTCUSD,58,59.45,57.23,58.47,84392.18,4902017.67
04/10/2018,LTCUSD,57.25,58.9,57.08,58,88523.49,5161534.05
03/10/2018,LTCUSD,59.2,59.32,56.55,57.25,140498.13,8075197.11
02/10/2018,LTCUSD,60.22,61.3,58.6,59.2,106921.89,6404652.31
01/10/2018,LTCUSD,61.05,61.8,59.23,60.22,132603.2,8009840.33
30/09/2018,LTCUSD,61.45,62.99,59.76,61.05,133090.27,8104877.81
29/09/2018,LTCUSD,61.75,62.36,59.05,61.45,112461.91,6842964.12
28/09/2018,LTCUSD,63.11,64.68,60.12,61.75,179051.88,11130512.53
27/09/2018,LTCUSD,57.21,65.6,56.68,63.11,383236.46,23798594.14
26/09/2018,LTCUSD,57.57,59.78,56.37,57.21,183266.01,10602570.32
25/09/2018,LTCUSD,57.94,58.08,54.33,57.57,246934.35,13918199.03
24/09/2018,LTCUSD,61.31,61.4,57.07,57.94,176134.6,10352482.69
23/09/2018,LTCUSD,60.53,63.47,59.83,61.31,155743.69,9564327.11
22/09/2018,LTCUSD,60.83,61.68,58.11,60.53,152108.16,9147292.73
21/09/2018,LTCUSD,56.56,62.75,56.32,60.83,291859.97,17227186.97
20/09/2018,LTCUSD,54.28,57.34,53.37,56.56,138835.05,7621884.46
19/09/2018,LTCUSD,54,54.98,51.7,54.28,208320.35,11159610.33
18/09/2018,LTCUSD,52.05,55.49,50.55,54,167886.39,8902922.73
17/09/2018,LTCUSD,56.78,57.85,51.44,52.05,231736.54,12528090.97
16/09/2018,LTCUSD,56.34,57.45,54.45,56.78,109936.06,6179242.71
15/09/2018,LTCUSD,56.33,58.73,55.55,56.34,117131.5,6717625.06
14/09/2018,LTCUSD,54.66,58.9,52.92,56.33,275176.16,15305874.54
13/09/2018,LTCUSD,51.6,55.42,51.6,54.66,250286.31,13494696.35
12/09/2018,LTCUSD,51.97,52.08,47.19,51.6,305066.54,15222516.24
11/09/2018,LTCUSD,54.3,54.81,50,51.97,194823.82,10177899.62
10/09/2018,LTCUSD,54.71,56.49,53.05,54.3,127290.87,6935616.61
09/09/2018,LTCUSD,53.2,56.74,52.17,54.71,125490.18,6848424.77
08/09/2018,LTCUSD,55.5,57.28,51.9,53.2,145581.99,7882121.73
07/09/2018,LTCUSD,57.48,58.93,55.01,55.5,146384.06,8301902.56
06/09/2018,LTCUSD,57.68,57.75,53.79,57.48,366328.37,20382126.98
05/09/2018,LTCUSD,67.75,68.35,57.41,57.68,353281.47,21920710.12
04/09/2018,LTCUSD,65.37,69.44,65.32,67.75,165774.37,11240472.95
03/09/2018,LTCUSD,66.23,66.51,64.44,65.37,94166.71,6146155.2
02/09/2018,LTCUSD,66.47,66.85,64.1,66.23,121828.54,7981651.12
01/09/2018,LTCUSD,62.13,67.96,62.12,66.47,196193.82,12784799.92
31/08/2018,LTCUSD,60.25,62.8,59.55,62.13,103438.9,6324359.1
30/08/2018,LTCUSD,61.54,61.75,58.58,60.25,130797.92,7835350.54
29/08/2018,LTCUSD,63.18,63.44,60.27,61.54,138425.71,8565803.84
28/08/2018,LTCUSD,60.7,63.91,59.76,63.18,199238.75,12290483.24
27/08/2018,LTCUSD,57.11,61.14,56.64,60.7,127822.78,7473068.88
26/08/2018,LTCUSD,58.01,58.2,56.02,57.11,71919.72,4089626.98
25/08/2018,LTCUSD,57.94,58.36,57.08,58.01,59893.99,3467307.65
24/08/2018,LTCUSD,57.31,58.36,55.55,57.94,107550.66,6155679.55
23/08/2018,LTCUSD,55.2,57.91,55.01,57.31,110150.08,6173435.79
22/08/2018,LTCUSD,56.39,59.21,54.01,55.2,241691.56,13671137.49
21/08/2018,LTCUSD,53.39,56.78,53.15,56.39,120180.33,6633591.04
20/08/2018,LTCUSD,57.85,58.55,53.19,53.39,281442.44,15625693.19
19/08/2018,LTCUSD,57.38,58.98,56.4,57.85,95035.25,5473582.67
18/08/2018,LTCUSD,61.82,62.6,55.66,57.38,156573.54,9189553.55
17/08/2018,LTCUSD,55.47,61.88,55.16,61.82,236829.39,13884443.95
16/08/2018,LTCUSD,54.44,57.68,54.13,55.47,155751.16,8690581.51
15/08/2018,LTCUSD,54.39,59.44,54,54.44,476898.24,26713168.41
14/08/2018,LTCUSD,56.48,56.49,49.33,54.39,431418.42,22435681.77
13/08/2018,LTCUSD,59.44,60.6,55.72,56.48,172704.56,9951473.76
12/08/2018,LTCUSD,55.75,55.75,55.75,55.75,0,0
11/08/2018,LTCUSD,59.14,59.19,55.13,55.75,116332.65,6600948.84
10/08/2018,LTCUSD,63.08,63.36,58.1,59.14,211656.48,12923401.02
09/08/2018,LTCUSD,62.27,65.14,60.25,63.08,205859.39,12959885.79
08/08/2018,LTCUSD,67.36,67.49,61.01,62.27,410758.15,26376108.87
07/08/2018,LTCUSD,73.58,75.05,66.6,67.36,203968.15,14392252.79
06/08/2018,LTCUSD,74.65,76.84,72.51,73.58,100217.62,7436281.4
05/08/2018,LTCUSD,73.04,74.71,72.41,74.65,70573,5201606.17
04/08/2018,LTCUSD,77.6,78,72.32,73.04,114293.39,8551761.27
03/08/2018,LTCUSD,76.23,77.8,75,77.6,117975.96,8975921.38
02/08/2018,LTCUSD,77.64,78.39,75.51,76.23,101026.44,7748435.75
01/08/2018,LTCUSD,78.86,79.07,75.97,77.64,131259.72,10149354.3
31/07/2018,LTCUSD,82.22,82.43,76.01,78.86,169892.45,13341990.38
30/07/2018,LTCUSD,83.93,84.7,79.76,82.22,123817.34,10178434.96
29/07/2018,LTCUSD,83.99,85.25,83.41,83.93,47509.2,3993395.82
28/07/2018,LTCUSD,84.52,84.7,82.51,83.99,51582.75,4316430.8
27/07/2018,LTCUSD,83.46,85.15,81.6,84.52,132020.07,11031450.77
26/07/2018,LTCUSD,86.35,87.87,82.79,83.46,107424.87,9206351.79
25/07/2018,LTCUSD,89.06,90.6,84.82,86.35,161323.04,14078929.7
24/07/2018,LTCUSD,81.52,89.5,81,89.06,243602.54,21111680.12
23/07/2018,LTCUSD,82.22,85.8,81.34,81.52,139413.53,11679237.39
22/07/2018,LTCUSD,83.5,83.98,81.81,82.22,71405.13,5924930.16
21/07/2018,LTCUSD,81.72,84.69,79.77,83.5,87410.54,7205204.86
20/07/2018,LTCUSD,86.14,86.61,81,81.72,176063.2,14768963.44
19/07/2018,LTCUSD,86.27,88.9,85.01,86.14,129490.51,11210571.13
18/07/2018,LTCUSD,88.98,94.39,85.11,86.27,280065.47,25231114.76
17/07/2018,LTCUSD,83.53,90.07,81.55,88.98,240477.73,20813382.88
16/07/2018,LTCUSD,78.51,84,77.8,83.53,148221.45,12126546.86
15/07/2018,LTCUSD,76.2,79.25,75.36,78.51,82843.15,6432213.53
14/07/2018,LTCUSD,76.68,77.44,75.68,76.2,68448.74,5231890.38
13/07/2018,LTCUSD,76.97,78.49,75.24,76.68,120226.69,9266808.08
12/07/2018,LTCUSD,78.35,78.35,74.5,76.97,133966.93,10176700.23
11/07/2018,LTCUSD,75.95,80.84,75.48,78.35,114721.6,8892246.23
10/07/2018,LTCUSD,80.49,80.5,74.51,75.95,213999.36,16456944.54
09/07/2018,LTCUSD,82.2,83.07,80.02,80.49,107947.11,8818468.83
08/07/2018,LTCUSD,84.7,85.72,82,82.2,84191.95,7080584.09
07/07/2018,LTCUSD,82.96,85.2,79.42,84.7,102546.6,8403555.43
06/07/2018,LTCUSD,83.29,84.01,80.76,82.96,91174.21,7554675.62
05/07/2018,LTCUSD,85.4,86.81,82,83.29,137192.74,11555776.22
04/07/2018,LTCUSD,84.96,89,83.51,85.4,120101.73,10332327.55
03/07/2018,LTCUSD,85.45,90,84.01,84.96,219149.69,19042849.54
02/07/2018,LTCUSD,79.89,86.84,78.32,85.45,188323.18,15820485.47
01/07/2018,LTCUSD,81.01,81.39,77.72,79.89,89710.2,7147888.78
30/06/2018,LTCUSD,78.94,84.5,78.94,81.01,171970.96,14015714.19
29/06/2018,LTCUSD,74.25,80.48,72.44,78.94,240080.02,18073746.26
28/06/2018,LTCUSD,80.73,81.2,74.01,74.25,178880.7,13956573.41
27/06/2018,LTCUSD,75.8,81.97,74.9,80.73,194228.74,15244138.33
26/06/2018,LTCUSD,81.67,82.53,75.37,75.8,167765.33,13295551.19
25/06/2018,LTCUSD,80.61,84.49,78.8,81.67,224912.21,18359843.51
24/06/2018,LTCUSD,83.21,83.75,73.46,80.61,381179.84,30001351.42
23/06/2018,LTCUSD,85.03,87.11,81.59,83.21,148994.64,12494523.95
22/06/2018,LTCUSD,96.69,96.79,80.29,85.03,392004.45,34107959.72
21/06/2018,LTCUSD,97.83,99.17,96.15,96.69,81996.24,7972266.34
20/06/2018,LTCUSD,98.58,99,95.51,97.83,95985.85,9339620.93
19/06/2018,LTCUSD,98.63,101.65,97,98.58,124366.63,12298252.74
18/06/2018,LTCUSD,95.01,99.7,93.2,98.63,150898.54,14567348.07
17/06/2018,LTCUSD,96.67,98,94.75,95.01,63236.2,6082701.25
16/06/2018,LTCUSD,95.54,97.64,92.79,96.67,89340.44,8553521.29
15/06/2018,LTCUSD,101.12,101.12,94.75,95.54,151557.1,14855205.96
14/06/2018,LTCUSD,93.82,103.06,93,101.12,347145.58,33945569.66
13/06/2018,LTCUSD,100.19,100.57,89.25,93.82,384682.27,36275943.66
12/06/2018,LTCUSD,107.47,107.95,97.5,100.19,262545.7,26843165.51
11/06/2018,LTCUSD,106.97,109.02,103.2,107.47,215525.44,22895230.08
10/06/2018,LTCUSD,117.43,117.43,103.35,106.97,327703.18,35878803.85
09/06/2018,LTCUSD,120.04,120.95,117.15,117.43,55200.53,6581197.97
08/06/2018,LTCUSD,121.63,121.95,118.59,120.04,76616.4,9169873.48
07/06/2018,LTCUSD,121.37,123.48,119.47,121.63,88176.2,10726260.8
06/06/2018,LTCUSD,121.87,122.67,118.48,121.37,94214.85,11365097.25
05/06/2018,LTCUSD,119.87,122.49,116.17,121.87,121243.35,14459608.68
04/06/2018,LTCUSD,125,126.69,118.22,119.87,100888.09,12225070.09
03/06/2018,LTCUSD,123.66,127.95,122.56,125,94472.36,11859886.17
02/06/2018,LTCUSD,119.88,124.46,118.52,123.66,95095.09,11623915.42
01/06/2018,LTCUSD,118.36,120.71,117,119.88,88134.71,10456884.26
31/05/2018,LTCUSD,117.18,120.99,116.49,118.36,111379.6,13237664.82
30/05/2018,LTCUSD,119.52,122.86,115,117.18,128200.86,15236208.38
29/05/2018,LTCUSD,111.24,122.7,110,119.52,185221.83,21670111.66
28/05/2018,LTCUSD,117.83,118.95,110.51,111.24,177641.23,20256381.54
27/05/2018,LTCUSD,118.33,118.98,116.51,117.83,76249.99,8963121.29
26/05/2018,LTCUSD,119.05,122.63,117.5,118.33,76424.12,9182551.15
25/05/2018,LTCUSD,122.99,124.44,117.28,119.05,132908.99,15978098.97
24/05/2018,LTCUSD,118.85,125.25,115.11,122.99,209793.9,25315887.2
23/05/2018,LTCUSD,128.11,129.35,116.27,118.85,295309.11,36108103.18
22/05/2018,LTCUSD,134.26,135.75,127.6,128.11,124256.58,16350860.01
21/05/2018,LTCUSD,139.38,139.98,133.53,134.26,94096.82,12822339.23
20/05/2018,LTCUSD,135,140.7,132.2,139.38,99079.12,13632023.21
19/05/2018,LTCUSD,136.3,138.01,133.25,135,87531.06,11868864.35
18/05/2018,LTCUSD,132.65,137.6,129.1,136.3,198197.55,26330667.32
17/05/2018,LTCUSD,139.36,141.75,131.37,132.65,166516.42,22766473.2
16/05/2018,LTCUSD,139.78,140.99,135,139.36,176798.14,24299021.89
15/05/2018,LTCUSD,147.32,149.71,138.1,139.78,228011.98,32696412.44
14/05/2018,LTCUSD,144.43,152.88,134.5,147.32,379578.25,54539250.31
13/05/2018,LTCUSD,142,146.73,137.2,144.43,154787.63,22063811.92
12/05/2018,LTCUSD,136.51,145,131.88,142,218253.86,30278811.61
11/05/2018,LTCUSD,148.18,148.61,133.52,136.51,427428.3,60481101.3
10/05/2018,LTCUSD,156.83,160.45,148.02,148.18,185257.89,28624795.2
09/05/2018,LTCUSD,158.98,160.24,151.05,156.83,206075.83,32165101.8
08/05/2018,LTCUSD,164.09,168.1,157.01,158.98,250704.11,40523123.25
07/05/2018,LTCUSD,171.07,171.62,157.25,164.09,292957.68,48004502.02
06/05/2018,LTCUSD,177.73,181.95,165.1,171.07,284016.17,48940449.89
05/05/2018,LTCUSD,168.2,182.35,167.03,177.73,339751.38,59515540.83
04/05/2018,LTCUSD,161,171.28,157.19,168.2,301807.45,49355523.28
03/05/2018,LTCUSD,150.8,163.35,150.69,161,332902.72,52560431.57
02/05/2018,LTCUSD,147.99,152.88,146.53,150.8,138839.04,20710810.62
01/05/2018,LTCUSD,148.32,148.75,142.73,147.99,194431.84,28244569.5
30/04/2018,LTCUSD,153.24,153.79,147.06,148.32,149706.56,22553363.94
29/04/2018,LTCUSD,151.82,156.39,148.22,153.24,165668.75,25261651.1
28/04/2018,LTCUSD,145.9,152.94,145,151.82,150693.07,22652453.45
27/04/2018,LTCUSD,153.1,153.75,145.29,145.9,236590.77,35559221.74
26/04/2018,LTCUSD,145,154.65,142.2,153.1,260424.35,38334151.47
25/04/2018,LTCUSD,164.72,164.84,138.8,145,623575.97,94027542.62
24/04/2018,LTCUSD,152.59,165.87,152.59,164.72,516695.48,83400578.6
23/04/2018,LTCUSD,146.59,153.24,146.35,152.59,203735.48,30709808.99
22/04/2018,LTCUSD,148.3,153,145.01,146.59,201136.34,30004825.36
21/04/2018,LTCUSD,155.71,157.1,141.02,148.3,360706.78,53851736.48
20/04/2018,LTCUSD,146.34,156.46,143.31,155.71,406638.56,60992096.67
19/04/2018,LTCUSD,140.49,147.74,138.88,146.34,287301.15,41079412.57
18/04/2018,LTCUSD,132.21,141.64,132.11,140.49,266123.3,36574504.3
17/04/2018,LTCUSD,128.63,140.55,128.62,132.21,409927.77,55365666.19
16/04/2018,LTCUSD,132.52,133.36,125.11,128.63,261540.78,33541452.32
15/04/2018,LTCUSD,126.42,132.77,126.42,132.52,225123.25,29347571.47
14/04/2018,LTCUSD,125.46,129.8,124.3,126.42,195877.9,24836038.27
13/04/2018,LTCUSD,129.53,133.5,124,125.46,486506.74,62741778.64
12/04/2018,LTCUSD,117.95,131,113.3,129.53,613586.57,74764347.47
11/04/2018,LTCUSD,114.16,119.72,113.21,117.95,172583.5,19886736.96
10/04/2018,LTCUSD,114.91,115.39,112,114.16,164500.96,18745181.08
09/04/2018,LTCUSD,117.67,122.97,113.01,114.91,309201.1,36265988.17
08/04/2018,LTCUSD,116.06,118.39,115.18,117.67,111412.5,13025154.47
07/04/2018,LTCUSD,112.93,119.59,112.68,116.06,189396.1,22209425.72
06/04/2018,LTCUSD,118.78,120.49,112.1,112.93,219048.93,25167538.05
05/04/2018,LTCUSD,118.24,122.87,113.75,118.78,344253.14,40748603.61
04/04/2018,LTCUSD,134.12,135.1,115.5,118.24,429872.44,52739285.65
03/04/2018,LTCUSD,119.1,137.89,118.3,134.12,408212.97,52630413.08
02/04/2018,LTCUSD,114.96,121.62,114.04,119.1,230191.94,27277187.27
01/04/2018,LTCUSD,116.28,118.59,110.01,114.96,248966.61,28412269.3
31/03/2018,LTCUSD,118.45,125.78,115.54,116.28,308160.49,37204383.92
30/03/2018,LTCUSD,114.53,126.91,109.27,118.45,652450.94,76159198.13
29/03/2018,LTCUSD,131.7,132.54,112.11,114.53,697468.02,83612973.79
28/03/2018,LTCUSD,134.64,139.75,130.11,131.7,285865.16,38319337.32
27/03/2018,LTCUSD,148.24,149.48,134.46,134.64,349421.31,49313467.36
26/03/2018,LTCUSD,160.18,160.62,142,148.24,348049.84,51915131.35
25/03/2018,LTCUSD,159,163.08,157.69,160.18,135648.87,21733911.65
24/03/2018,LTCUSD,168.64,169.5,158.41,159,186835.81,30778989.77
23/03/2018,LTCUSD,163.83,168.97,157.06,168.64,229238.69,36957783.29
22/03/2018,LTCUSD,168.69,172.5,160.11,163.83,252435.88,41765481
21/03/2018,LTCUSD,169.17,175.5,165.14,168.69,329488.93,56338509.61
20/03/2018,LTCUSD,161.33,174,155.56,169.17,380506.67,62882845.68
19/03/2018,LTCUSD,154,164,150.47,161.33,419998.88,65892799.18
18/03/2018,LTCUSD,152.66,157.5,137.12,154,604100.79,88340471.24
17/03/2018,LTCUSD,165.32,165.48,151.18,152.66,306054.81,48263993.37
16/03/2018,LTCUSD,164.21,172,158.56,165.32,299857.78,49646107.57
15/03/2018,LTCUSD,160.69,167.77,150,164.21,487488.49,77967778.27
14/03/2018,LTCUSD,175.5,177.9,157.5,160.69,386277.41,64134271.29
13/03/2018,LTCUSD,177.89,182,171.31,175.5,247589.47,43648299.51
12/03/2018,LTCUSD,188.33,192.89,175,177.89,313292.12,57445532.83
11/03/2018,LTCUSD,177.67,192.84,172.3,188.33,313318.19,57660906.94
10/03/2018,LTCUSD,186.33,194.47,176.1,177.67,303334.6,56369486.38
09/03/2018,LTCUSD,175.79,190,157.27,186.33,699458.18,121168108.7
08/03/2018,LTCUSD,186.42,188.5,174.2,175.79,358219.42,64787817.26
07/03/2018,LTCUSD,196.63,199.35,173.82,186.42,562662.81,104881700.2
06/03/2018,LTCUSD,210.71,210.71,191.34,196.63,376989.01,75867023.31
05/03/2018,LTCUSD,212.97,214.92,209.2,210.71,142219.48,30165126.18
04/03/2018,LTCUSD,210.4,214,205.2,212.97,151531.56,31725632.75
03/03/2018,LTCUSD,212,217.5,209.16,210.4,265163.07,56746943.37
02/03/2018,LTCUSD,209.2,213.3,204.58,212,214579.97,44711095.52
01/03/2018,LTCUSD,202.12,214.88,200.48,209.2,282140.39,58779519.78
28/02/2018,LTCUSD,215.15,223.7,201.4,202.12,359114.51,76358785.38
27/02/2018,LTCUSD,218.74,222.85,212.1,215.15,323337.74,70237096.24
26/02/2018,LTCUSD,218.77,231.5,214.43,218.74,603212.41,134767376.9
25/02/2018,LTCUSD,206.15,223.53,200.35,218.77,453198.89,95986352.47
24/02/2018,LTCUSD,206.52,218.65,194.85,206.15,520443.06,107475961.3
23/02/2018,LTCUSD,192.99,215.8,182.55,206.52,671170.22,133564983.2
22/02/2018,LTCUSD,210.23,221.49,188.56,192.99,657400.32,132887071.3
21/02/2018,LTCUSD,229.5,231.88,204.71,210.23,749037.26,162405686.3
20/02/2018,LTCUSD,222.1,251.9,221.5,229.5,933095.82,223173332.3
19/02/2018,LTCUSD,214.5,225.96,213.5,222.1,243418.21,53856833.71
18/02/2018,LTCUSD,229.9,232.75,212.45,214.5,480492.42,106751481.2
17/02/2018,LTCUSD,228.24,233,225.03,229.9,284652.86,65236998.45
16/02/2018,LTCUSD,221.18,234.75,210.55,228.24,607870.32,135615233.2
15/02/2018,LTCUSD,211.86,237.72,206.25,221.18,1142993.99,255010922.3
14/02/2018,LTCUSD,158.91,219,158.91,211.86,1571663.87,302882839
13/02/2018,LTCUSD,161.5,162,153.4,158.91,212235.45,33492356.64
12/02/2018,LTCUSD,149.26,163.28,149.18,161.5,338906.31,53478122.15
11/02/2018,LTCUSD,155.08,155.78,142.26,149.26,317060.34,47459528.8
10/02/2018,LTCUSD,164.1,169.49,148.02,155.08,614048.68,98533237.96
09/02/2018,LTCUSD,149.1,164.29,142.09,164.1,510707.03,78073701.49
08/02/2018,LTCUSD,137.8,151,136.65,149.1,483516.27,70044546.96
07/02/2018,LTCUSD,141.5,160,130.6,137.8,950404.56,138616008.8
06/02/2018,LTCUSD,124.98,147.98,103.65,141.5,1735100.58,216160464.5
05/02/2018,LTCUSD,147.5,153.87,112,124.98,1261455.6,166640565
04/02/2018,LTCUSD,160.97,175,137,147.5,1095767.35,170853578.5
03/02/2018,LTCUSD,130.69,166.6,120.12,160.97,892909.36,130500748
02/02/2018,LTCUSD,140.6,141.34,100.2,130.69,1192336.87,148138984.7
01/02/2018,LTCUSD,161.9,164.9,125,140.6,745202.67,107062002.7
31/01/2018,LTCUSD,164.25,166.5,155,161.9,308082.43,49439807.95
30/01/2018,LTCUSD,179.57,179.9,158.2,164.25,379801.99,64059921.52
29/01/2018,LTCUSD,191.12,191.12,175.56,179.57,196646.32,35648369.32
28/01/2018,LTCUSD,179.65,192.47,178.65,191.12,219997.31,40610728.76
27/01/2018,LTCUSD,175.71,182,173.96,179.65,168926.78,30130784.35
26/01/2018,LTCUSD,178.86,181.71,166.15,175.71,264755.45,46193883.44
25/01/2018,LTCUSD,180.6,184.8,175,178.86,221870.89,39980503.18
24/01/2018,LTCUSD,178.27,184.69,172.23,180.6,255362.73,45577119.38
23/01/2018,LTCUSD,179.42,186.03,165.01,178.27,352078.73,62072144.01
22/01/2018,LTCUSD,191.25,194.7,165.5,179.42,440729.94,78563452.42
21/01/2018,LTCUSD,210.91,211.09,183.12,191.25,335920.69,65430274.79
20/01/2018,LTCUSD,192.5,214.88,192.5,210.91,353597.87,72401085.39
19/01/2018,LTCUSD,192.6,203,187.1,192.5,390573.96,75645651.27
18/01/2018,LTCUSD,189,211,176.31,192.6,799394.42,156062431.2
17/01/2018,LTCUSD,193.26,216,135,189,1605416.79,277465147.2
16/01/2018,LTCUSD,232.51,233.21,146.6,193.26,1283937.7,249770265.6
15/01/2018,LTCUSD,237.89,244.2,231.11,232.51,208693.2,49681868.74
14/01/2018,LTCUSD,258,268,233.82,237.89,352485.69,87773772.81
13/01/2018,LTCUSD,235.52,263,235.51,258,360949.3,89409593.55
12/01/2018,LTCUSD,226.91,241.99,220.2,235.52,321677.56,74989189.68
11/01/2018,LTCUSD,248.8,253,219.07,226.91,566145,131824249
10/01/2018,LTCUSD,246.89,249.67,232.51,248.8,428753.3,103914498.7
09/01/2018,LTCUSD,255.21,258.75,238.75,246.89,391655.72,98394133.65
08/01/2018,LTCUSD,272.06,273.77,231.42,255.21,554721.79,142102062.6
07/01/2018,LTCUSD,279.42,286.95,265.24,272.06,355270.98,98900360.61
06/01/2018,LTCUSD,246.23,304,245,279.42,797572.82,223407657.4
05/01/2018,LTCUSD,238.91,251.97,236.24,246.23,472803.23,115912325.1
04/01/2018,LTCUSD,244.99,245,226.79,238.91,500544.11,118310542.1
03/01/2018,LTCUSD,253.31,258.54,240.72,244.99,433466.83,107994282.9
02/01/2018,LTCUSD,225.22,262,225.21,253.31,661461.06,163478445.4
01/01/2018,LTCUSD,227.17,232.29,217.66,225.22,246251.23,55290393.45
31/12/2017,LTCUSD,216.03,237.88,210,227.17,424977.27,95255394.17
30/12/2017,LTCUSD,245.79,246,206,216.03,593421.19,134086005
29/12/2017,LTCUSD,251.18,259.5,236.5,245.79,444267.12,110532964.2
28/12/2017,LTCUSD,264.4,266,223.59,251.18,703312.71,171876897.9
27/12/2017,LTCUSD,280.1,286.46,252.81,264.4,448074.35,120686705.4
26/12/2017,LTCUSD,273.52,286.99,273.17,280.1,354259.87,99320734.15
25/12/2017,LTCUSD,278.81,287.4,271.12,273.52,291443.4,81046685.92
24/12/2017,LTCUSD,293.03,295.99,254,278.81,665181.18,183222825.3
23/12/2017,LTCUSD,267.79,321.85,261,293.03,906938.05,265254796.6
22/12/2017,LTCUSD,311,311.89,144,267.79,3042122.91,752324543.4
21/12/2017,LTCUSD,305.59,327.99,291.01,311,671619.27,207103600
20/12/2017,LTCUSD,350.79,350.79,275,305.59,1411721.84,451060113.4
19/12/2017,LTCUSD,359.4,380,324.67,350.79,1347219.95,479241084.4
18/12/2017,LTCUSD,324.74,366.9,305.77,359.4,1085218.68,361242906.8
17/12/2017,LTCUSD,306.86,334.85,303.24,324.74,856739.84,276276206
16/12/2017,LTCUSD,303.79,314.97,280,306.86,754228.33,228354284
15/12/2017,LTCUSD,283.8,322.97,252.22,303.79,1625601.84,473049717.7
14/12/2017,LTCUSD,312.89,324.62,256.1,283.8,1352786.85,397904281.3
13/12/2017,LTCUSD,352.08,372.55,275,312.89,2166396.91,706974876.1
12/12/2017,LTCUSD,218.6,420,213.3,352.08,3558810.11,1081618733
11/12/2017,LTCUSD,150.99,235,149.96,218.6,2276153.02,434156552.9
10/12/2017,LTCUSD,160.95,160.95,135.45,150.99,1238640.06,183506272.8
09/12/2017,LTCUSD,128.97,199,128.96,160.95,3304190.9,524122383.7
08/12/2017,LTCUSD,97.96,144.75,95.8,128.97,2349412.62,281521843.8
07/12/2017,LTCUSD,100.01,102.48,95.01,97.96,931062.65,91695148.91
06/12/2017,LTCUSD,101.01,103.9,97.75,100.01,754511.19,76359902.33
05/12/2017,LTCUSD,104.28,104.29,101.01,101.01,466662.32,47769478.07
04/12/2017,LTCUSD,101.2,104.5,95.47,104.28,580546.21,58651641.82
03/12/2017,LTCUSD,99.65,107.49,97,101.2,759748.83,77645326.96
02/12/2017,LTCUSD,100.16,104.75,98.1,99.65,793874.96,80315925.74
01/12/2017,LTCUSD,85.82,100.77,82,100.16,1324003.28,123587404.8
30/11/2017,LTCUSD,86.7,93.5,78,85.82,1011501.33,86421708.95
29/11/2017,LTCUSD,94.49,103.54,76.01,86.7,1557022.5,148809089.4
28/11/2017,LTCUSD,91.38,94.88,89.96,94.49,559324.32,51865650.93
27/11/2017,LTCUSD,86.62,93.89,86.4,91.38,842786.11,76244993.15
26/11/2017,LTCUSD,89.13,89.21,84.18,86.62,668214.39,57939735.51
25/11/2017,LTCUSD,77.54,89.88,77.24,89.13,1008440.73,84212351.95
24/11/2017,LTCUSD,73.3,77.7,72.51,77.54,521987.53,39127528.2
23/11/2017,LTCUSD,72.31,77.96,71.07,73.3,696781.45,51990244.78
22/11/2017,LTCUSD,70,72.32,70,72.31,319998.06,22769864.1
21/11/2017,LTCUSD,72.62,73,68,70,663599.06,46748553.38
20/11/2017,LTCUSD,71.7,73.25,71.13,72.62,403141.53,29122072.5
19/11/2017,LTCUSD,69.35,73.4,68.55,71.7,519944.75,36792560.95
18/11/2017,LTCUSD,67.5,69.95,65.62,69.35,338051.28,22860729.46
17/11/2017,LTCUSD,70.56,71.46,65.52,67.5,770626.76,52712326.68
16/11/2017,LTCUSD,63.3,72.5,62.52,70.56,845406.44,56599695.12
15/11/2017,LTCUSD,62.33,65.43,62.2,63.3,375892.38,23887754.59
14/11/2017,LTCUSD,61.24,63.57,60.56,62.33,336629.84,20852252.27
13/11/2017,LTCUSD,58.81,62.42,58.23,61.24,358103.57,21650007.76
12/11/2017,LTCUSD,62.49,62.6,57.08,58.81,569163.54,33880961.89
11/11/2017,LTCUSD,59.32,63.99,59.02,62.49,455022.37,28088680.42
10/11/2017,LTCUSD,64.4,65.94,56.13,59.32,809038.98,49164293.6
09/11/2017,LTCUSD,62.46,67.24,61.89,64.4,612290.73,39474791.27
08/11/2017,LTCUSD,60.61,64.3,59.6,62.46,788530.39,48839553.65
07/11/2017,LTCUSD,54.6,63.71,54.6,60.61,734430.83,43989718.75
06/11/2017,LTCUSD,54.67,55.85,53.37,54.6,221445.68,12141984.55
05/11/2017,LTCUSD,55.09,55.53,54.38,54.67,151828.91,8334673.09
04/11/2017,LTCUSD,56.19,56.3,54.65,55.09,159543.16,8846521.28
03/11/2017,LTCUSD,54.35,56.35,53.96,56.19,316100.2,17421121.34
02/11/2017,LTCUSD,53,54.85,50.25,54.35,558252.89,29431467.47
01/11/2017,LTCUSD,55.41,55.6,52.82,53,235905.19,12866276.01
31/10/2017,LTCUSD,56.4,56.81,55.4,55.41,169187.47,9499819.02
30/10/2017,LTCUSD,56.59,58.39,55.85,56.4,186735.09,10618196.55
29/10/2017,LTCUSD,54.52,58,54.26,56.59,189860.48,10706447.15
28/10/2017,LTCUSD,55.24,55.88,54.01,54.52,90591.89,4969553.65
27/10/2017,LTCUSD,55.56,56.15,54.75,55.24,125596.65,6950292
26/10/2017,LTCUSD,56.36,57.16,54.89,55.56,150371.27,8414056.57
25/10/2017,LTCUSD,55.61,56.92,53.55,56.36,257212.47,14149049.75
24/10/2017,LTCUSD,54.76,59.19,52.5,55.61,495668.73,28222463.83
23/10/2017,LTCUSD,56.75,56.75,52.45,54.76,430417.98,23435394.33
22/10/2017,LTCUSD,58.14,58.89,56.12,56.75,190552.52,10883490.88
21/10/2017,LTCUSD,60.12,60.38,56.2,58.14,295361.54,17228531.36
20/10/2017,LTCUSD,59.84,62.2,58.52,60.12,334669.52,20260951.38
19/10/2017,LTCUSD,60.67,61.42,58.34,59.84,368588.99,22114796.92
18/10/2017,LTCUSD,59.19,61.85,52.9,60.67,807129.12,46384019.7
17/10/2017,LTCUSD,64.72,64.99,58.51,59.19,402663.6,24632632.5
16/10/2017,LTCUSD,65.51,66.4,62.33,64.72,348950.5,22505055.61
15/10/2017,LTCUSD,63.94,69.59,62.06,65.51,754176.97,49373563.72
14/10/2017,LTCUSD,58.9,66.85,58.3,63.94,699486.35,44035731.81
13/10/2017,LTCUSD,59.58,60.96,55.25,58.9,838330.64,48885875.96
12/10/2017,LTCUSD,50.81,59.58,50.66,59.58,877101.74,48913693.83
11/10/2017,LTCUSD,50.4,51,50.22,50.81,98337.72,4976387.08
10/10/2017,LTCUSD,50.04,51.48,49.59,50.4,193686.48,9787208.53
09/10/2017,LTCUSD,53.27,53.41,48.15,50.04,441200.03,22302862.77
08/10/2017,LTCUSD,52.57,54.79,52.4,53.27,202571.68,10836154.96
07/10/2017,LTCUSD,52.12,52.85,51.6,52.57,108032.85,5619584.59
06/10/2017,LTCUSD,51.67,52.73,51.4,52.12,146894.31,7666661.2
05/10/2017,LTCUSD,51.16,51.94,50.25,51.67,162259.14,8306090.85
04/10/2017,LTCUSD,52.15,53,50.53,51.16,205244.53,10607789.59
03/10/2017,LTCUSD,53.37,53.59,51.35,52.15,232831.22,12144647.56
02/10/2017,LTCUSD,54.69,55.08,52.62,53.37,225679.25,12175988.95
01/10/2017,LTCUSD,55.26,55.33,53.5,54.69,193400.8,10521708.48
30/09/2017,LTCUSD,52.62,55.92,52.54,55.26,251460.02,13779946.7
29/09/2017,LTCUSD,54.87,54.87,50.35,52.62,531890.21,27969851.93
28/09/2017,LTCUSD,56.88,57.11,54.07,54.87,450031.08,24994200.87
27/09/2017,LTCUSD,52.34,57.44,52.32,56.88,584709.26,32217164.44
26/09/2017,LTCUSD,52.22,54.41,51.5,52.34,352208.21,18602951.13
25/09/2017,LTCUSD,47.7,53.25,47.53,52.22,492373.27,25244875.06
24/09/2017,LTCUSD,49.41,49.58,47.1,47.7,231665.4,11157041.91
23/09/2017,LTCUSD,47.81,50.24,46.45,49.41,324238.93,15755407.32
22/09/2017,LTCUSD,46.61,49.72,45,47.81,680966.11,32038236.39
21/09/2017,LTCUSD,51.57,52.5,45.18,46.61,806762.82,39216208.78
20/09/2017,LTCUSD,52.95,54.6,51.11,51.57,337576.59,17818382.48
19/09/2017,LTCUSD,56.3,56.86,51.38,52.95,605008.86,32737460.72
18/09/2017,LTCUSD,51.37,58,51.36,56.3,871122.67,48130374.53
17/09/2017,LTCUSD,52.47,54.1,47.87,51.37,562899.19,28832154.74
16/09/2017,LTCUSD,52.29,59,50.64,52.47,846875.62,45918520.12
15/09/2017,LTCUSD,45.42,62.41,33.56,52.29,3016209.54,147551269.4
14/09/2017,LTCUSD,61.8,62.6,45.1,45.42,1593960.77,81799190.57
13/09/2017,LTCUSD,66,66.46,57.74,61.8,1087237.79,66727635.61
12/09/2017,LTCUSD,68.28,71.93,65.02,66,578210.49,39525439.59
11/09/2017,LTCUSD,67.44,71.55,65.5,68.28,414829.11,28427324.46
10/09/2017,LTCUSD,71.27,71.44,65.02,67.44,561399.51,38168379.3
09/09/2017,LTCUSD,73.7,74.5,69.1,71.27,425962.1,30501110.51
08/09/2017,LTCUSD,80.23,82.11,68.12,73.7,1038917.92,77270217.2
07/09/2017,LTCUSD,81.47,82.75,77.37,80.23,558711.62,44717214.43
06/09/2017,LTCUSD,74.19,82.67,74.19,81.47,903488.42,71177547.38
05/09/2017,LTCUSD,71.25,74.95,66,74.19,767788.37,54577453.11
04/09/2017,LTCUSD,79.44,79.51,64,71.25,1243123.2,88632223.7
03/09/2017,LTCUSD,79.84,84.62,77.26,79.44,596171.59,48118668.45
02/09/2017,LTCUSD,89.23,93.85,73.87,79.84,1325214.13,108596261.7
01/09/2017,LTCUSD,73.23,98.28,71.51,89.23,1918832.47,161847181.8
31/08/2017,LTCUSD,66.12,74.8,65.22,73.23,1003506.62,70627038.05
30/08/2017,LTCUSD,63.75,67.5,62,66.12,394445.19,25068086.4
29/08/2017,LTCUSD,62.38,64.45,61.25,63.75,446046.51,27972542.26
28/08/2017,LTCUSD,61.56,64.73,58.77,62.38,557309.44,34632663.88
27/08/2017,LTCUSD,51.55,64.67,51.2,61.56,818819.92,48661154.45
26/08/2017,LTCUSD,51.11,52,50,51.55,164481.14,8391050.76
25/08/2017,LTCUSD,51.09,52.2,50.1,51.11,260657.54,13339340.81
24/08/2017,LTCUSD,53.31,53.46,50.23,51.09,399542.95,20693493.89
23/08/2017,LTCUSD,46.43,55,46.08,53.31,587970.95,29992702.14
22/08/2017,LTCUSD,47.99,47.99,44.65,46.43,230933.96,10689921.71
21/08/2017,LTCUSD,45.57,48.87,44.9,47.99,245860.86,11519871.63
20/08/2017,LTCUSD,45.18,47.15,44.07,45.57,155487.28,7140128.4
19/08/2017,LTCUSD,46.69,47,43.76,45.18,158517.69,7138151.66
18/08/2017,LTCUSD,43.88,47.99,43.29,46.69,362938.83,16558869.54
17/08/2017,LTCUSD,43.8,44.7,43.13,43.88,163343.59,7183196.25
16/08/2017,LTCUSD,43.1,44.94,42.01,43.8,194822.61,8494213.68
15/08/2017,LTCUSD,45.59,45.7,41.65,43.1,307879.07,13315246.53
14/08/2017,LTCUSD,45.22,46.34,44.82,45.59,198807.8,9047466.21
13/08/2017,LTCUSD,46.33,47.38,44.05,45.22,275657.03,12629514.17
12/08/2017,LTCUSD,47.08,47.8,46.01,46.33,242306.22,11403666.51
11/08/2017,LTCUSD,47.2,47.71,46.6,47.08,188300.07,8854856.27
10/08/2017,LTCUSD,47.69,48.6,47.01,47.2,173654.63,8305846.32
09/08/2017,LTCUSD,49.06,49.95,46.66,47.69,301286.41,14547545.84
08/08/2017,LTCUSD,45.99,49.98,45.76,49.06,375801.36,17815265.6
07/08/2017,LTCUSD,45.33,46.5,45.01,45.99,162214.37,7423505.97
06/08/2017,LTCUSD,45.85,46.65,44.78,45.33,180656.09,8219176.22
05/08/2017,LTCUSD,43.07,47.09,43.06,45.85,345316.35,15723047.94
04/08/2017,LTCUSD,42.49,43.49,42.34,43.07,114694.6,4921158.21
03/08/2017,LTCUSD,41.82,42.87,41.73,42.49,98908.77,4190546.91
02/08/2017,LTCUSD,43.18,43.23,41.52,41.82,160294.02,6800380.17
01/08/2017,LTCUSD,42.27,43.84,41.18,43.18,290912.51,12442054.65
31/07/2017,LTCUSD,40.82,43.8,38.4,42.27,304878.55,12601207.13
30/07/2017,LTCUSD,41.01,42.16,39.56,40.82,138967.42,5675542.9
29/07/2017,LTCUSD,40.35,41.5,38.28,41.01,246295.26,9786340.66
28/07/2017,LTCUSD,41.87,42.17,40.1,40.35,208077.02,8538521.13
27/07/2017,LTCUSD,41.99,42.3,40.8,41.87,167224.38,6962628.78
26/07/2017,LTCUSD,42.21,43,40.4,41.99,204730.51,8525445.62
25/07/2017,LTCUSD,45.01,45.15,40.23,42.21,320441.41,13527022.55
24/07/2017,LTCUSD,45.23,45.49,44.41,45.01,123329.53,5558981.46
23/07/2017,LTCUSD,46.7,46.95,44.1,45.23,175167.06,7978679.54
22/07/2017,LTCUSD,45.4,47.52,44.43,46.7,181018.6,8341004.09
21/07/2017,LTCUSD,44.72,47.93,44,45.4,474997.47,21846779.06
20/07/2017,LTCUSD,40.19,45,40.12,44.72,424546.5,18459580.89
19/07/2017,LTCUSD,43.5,43.96,39.68,40.19,317869.61,13293446.88
18/07/2017,LTCUSD,42.36,45,40.56,43.5,426281.84,18478247.63
17/07/2017,LTCUSD,40.69,43.08,39.72,42.36,503504.14,20990986.24
16/07/2017,LTCUSD,38.14,41.99,34.78,40.69,634510.56,24335846.58
15/07/2017,LTCUSD,42.78,42.99,37.5,38.14,522233.11,20753355.56
14/07/2017,LTCUSD,45.48,45.72,40,42.78,437761.98,18581373.1
13/07/2017,LTCUSD,47,47.88,44.1,45.48,256545.49,11742943.66
12/07/2017,LTCUSD,43.92,48.48,42.1,47,507311.25,23306623.04
11/07/2017,LTCUSD,44.74,46.78,41.38,43.92,488831.62,21730991.97
10/07/2017,LTCUSD,48.76,49.84,42.1,44.74,534088.28,24697391.91
09/07/2017,LTCUSD,51.27,52.55,48.33,48.76,300347.15,15151793.33
08/07/2017,LTCUSD,46.21,52.61,44.18,51.27,514356.88,24892249.48
07/07/2017,LTCUSD,51.2,51.36,44.28,46.21,656665.7,31295203.47
06/07/2017,LTCUSD,53.4,53.4,50.01,51.2,367317.92,18827695.7
05/07/2017,LTCUSD,54.89,57.75,49.01,53.4,861565.9,45527503.69
04/07/2017,LTCUSD,45.51,55.4,45.51,54.89,1102078.87,56413499.86
03/07/2017,LTCUSD,41.59,47.7,40.6,45.51,641499.55,28906597.17
02/07/2017,LTCUSD,38.37,41.99,37.15,41.59,244426.33,9761160.85
01/07/2017,LTCUSD,39.49,39.83,37.4,38.37,169447.4,6545238.31
30/06/2017,LTCUSD,40.2,41.2,39.22,39.49,190544.9,7649252.91
29/06/2017,LTCUSD,42,42.14,39.6,40.2,237139.76,9740923.48
28/06/2017,LTCUSD,40.5,43.44,37.3,42,489566.46,20050663.28
27/06/2017,LTCUSD,38.15,40.5,33.61,40.5,591651.65,22051407.92
26/06/2017,LTCUSD,40.8,41.98,33.38,38.15,635706.3,23924017.03
25/06/2017,LTCUSD,43.05,43.76,38.27,40.8,417000.37,17243135.15
24/06/2017,LTCUSD,46.03,46.13,42.05,43.05,319781.32,14093391.36
23/06/2017,LTCUSD,45.98,46.96,45.52,46.03,232589.83,10712673.45
22/06/2017,LTCUSD,44,47.89,42.87,45.98,398168.88,18196812
21/06/2017,LTCUSD,45.63,46.16,41.5,44,378025.86,16737859.53
20/06/2017,LTCUSD,47.63,48.45,42.5,45.63,638438.92,29436833.7
19/06/2017,LTCUSD,43.66,49.99,42.27,47.63,1143062.92,53103869.37
18/06/2017,LTCUSD,46.01,46.65,39.56,43.66,960611.2,41376834.46
17/06/2017,LTCUSD,33.89,49,33.61,46.01,2071876.52,85649982.14
16/06/2017,LTCUSD,28.97,33.9,27.65,33.89,583164.35,18308161.71
15/06/2017,LTCUSD,28.81,29.4,24.42,28.97,548787.26,15068040.7
14/06/2017,LTCUSD,30.32,32,27.5,28.81,543026.41,16300962.12
13/06/2017,LTCUSD,29.06,30.65,28.71,30.32,334624.11,9895323.73
12/06/2017,LTCUSD,34.04,34.17,27,29.06,681787.4,20682144.45
11/06/2017,LTCUSD,30.13,35.5,29.53,34.04,615053.94,19925454.65
10/06/2017,LTCUSD,29.56,30.25,29,30.13,368074.8,10915285.13
09/06/2017,LTCUSD,30.08,30.9,29.5,29.56,314669.04,9489768.17
08/06/2017,LTCUSD,28.6,30.85,27.99,30.08,297382.64,8773512.07
07/06/2017,LTCUSD,30.1,30.8,27.65,28.6,324611.97,9571281.94
06/06/2017,LTCUSD,30.7,31.33,28.08,30.1,540389.22,16252443.12
05/06/2017,LTCUSD,27.79,31.8,27.78,30.7,527463.92,15793564.69
04/06/2017,LTCUSD,27.4,27.9,26.79,27.79,238063.83,6503913.49
03/06/2017,LTCUSD,27.9,28.3,26.79,27.4,235546.17,6506836.09
02/06/2017,LTCUSD,27.74,28.95,26.56,27.9,280614.65,7804832.78
01/06/2017,LTCUSD,25.88,29.94,25.87,27.74,611849.16,16949486.14
31/05/2017,LTCUSD,24.11,26.22,23.75,25.88,342039.58,8580099.29
30/05/2017,LTCUSD,25.77,26.5,23.5,24.11,357321.33,9024680.57
29/05/2017,LTCUSD,24.73,26.72,23.68,25.77,269715.44,6862470.51
28/05/2017,LTCUSD,23.5,26.95,23.06,24.73,341908.91,8449718.05
27/05/2017,LTCUSD,25.93,26.96,19.08,23.5,572994.58,13419575.03
26/05/2017,LTCUSD,29.64,32,24.31,25.93,558721.58,15750172.34
25/05/2017,LTCUSD,34.31,35.5,25.26,29.64,580046.24,18525811.59
24/05/2017,LTCUSD,31.06,35.88,30.25,34.31,656761.71,21633608.59
23/05/2017,LTCUSD,24.71,31.78,24.45,31.06,596122.15,17167984
22/05/2017,LTCUSD,25.92,26.99,22.5,24.71,537833.21,13471988.09
21/05/2017,LTCUSD,27.34,28.68,25.44,25.92,341759.95,9129262.43
20/05/2017,LTCUSD,27.55,27.94,26.85,27.34,220348.47,6038268.42
19/05/2017,LTCUSD,28.58,28.65,26.32,27.55,456909.12,12546064.96
18/05/2017,LTCUSD,25.3,29.41,24.63,28.58,540922.61,14509833.89
17/05/2017,LTCUSD,23.6,26.5,20.31,25.3,790142.97,18570365.38
16/05/2017,LTCUSD,25.61,25.78,21,23.6,631012.02,15258809.52
15/05/2017,LTCUSD,28.9,29.11,25.27,25.61,347190.92,9250133.09
14/05/2017,LTCUSD,29.09,30.6,27.75,28.9,251844.19,7389618.33
13/05/2017,LTCUSD,27.21,29.21,25.04,29.09,328587.74,8933917.09
12/05/2017,LTCUSD,30.69,31.59,25.06,27.21,485312.81,13927643.29
11/05/2017,LTCUSD,32.85,33.35,28.31,30.69,542384.76,16782115.46
10/05/2017,LTCUSD,33.2,38.91,30.01,32.85,835727.93,28599306.64
09/05/2017,LTCUSD,28.86,34,22.67,33.2,703347.12,20152243.39
08/05/2017,LTCUSD,30.62,30.62,28.04,28.86,426586.91,12520039.02
07/05/2017,LTCUSD,28.43,32.3,28.43,30.62,748370.61,22881135.35
06/05/2017,LTCUSD,26.33,28.88,26.31,28.43,433854.24,11954383.13
05/05/2017,LTCUSD,24.16,28.69,24.03,26.33,766740.18,20451715.77
04/05/2017,LTCUSD,22.01,29.75,21.8,24.16,1450247.94,35612605.63
03/05/2017,LTCUSD,16.24,36,15.99,22.01,1197533.03,26478452.1
02/05/2017,LTCUSD,16.47,16.62,15.5,16.24,113865.31,1830304.61
01/05/2017,LTCUSD,16.2,17.3,15.55,16.47,257116.03,4201060.65
30/04/2017,LTCUSD,16.34,16.74,15.8,16.2,261846.51,4244968.46
29/04/2017,LTCUSD,14.75,16.4,14.73,16.34,266305.26,4150641.36
28/04/2017,LTCUSD,14.98,15.12,14.5,14.75,232027.07,3443479.37
27/04/2017,LTCUSD,15.09,15.51,13.47,14.98,402612.5,5851772.51
26/04/2017,LTCUSD,15.53,16.17,14.69,15.09,332450.42,5159273.9
25/04/2017,LTCUSD,15.07,15.73,14.51,15.53,225981.2,3414586.08
24/04/2017,LTCUSD,15.38,15.41,14.3,15.07,235770,3515102.43
23/04/2017,LTCUSD,14.35,16,14.2,15.38,434460.97,6609898.43
22/04/2017,LTCUSD,12.12,16,12.03,14.35,481876.58,6649278.96
21/04/2017,LTCUSD,10.99,12.45,10.85,12.12,342382.38,4078241.93
20/04/2017,LTCUSD,10.21,11.4,10.15,10.99,218363.9,2371271.92
19/04/2017,LTCUSD,10.95,11,10.01,10.21,139821.41,1467419.21
18/04/2017,LTCUSD,11.15,11.5,10.27,10.95,283079.68,3062595.09
17/04/2017,LTCUSD,11.7,12.6,10.95,11.15,249616.12,3001542.41
16/04/2017,LTCUSD,11.69,11.87,11.57,11.7,48572.58,566925.8
15/04/2017,LTCUSD,11.61,12.14,10.46,11.69,132610.21,1547917.16
14/04/2017,LTCUSD,11.05,11.84,11.03,11.61,149897.62,1725209.07
13/04/2017,LTCUSD,11.69,11.74,10.63,11.05,191762.81,2140691.06
12/04/2017,LTCUSD,9.71,12.23,9.66,11.69,360251.94,4076958.57
11/04/2017,LTCUSD,9.87,10.35,9.45,9.71,139044.97,1373033.64
10/04/2017,LTCUSD,9.26,10.12,8.89,9.87,185954.13,1793965.5
09/04/2017,LTCUSD,10.79,10.99,8.57,9.26,198418.86,1910077.17
08/04/2017,LTCUSD,9.89,11.39,9.83,10.79,147642.87,1594804.61
07/04/2017,LTCUSD,10.87,11.39,9.39,9.89,280697.67,2911906.02
06/04/2017,LTCUSD,13,13.19,9.7,10.87,687747.5,7852934.2
05/04/2017,LTCUSD,9.15,13.75,8.88,13,601431.47,6674679.14
04/04/2017,LTCUSD,8.61,9.78,8.35,9.15,213244.28,1940832.78
03/04/2017,LTCUSD,8.34,9.5,7.5,8.61,203677.4,1765086.37
02/04/2017,LTCUSD,7.61,8.88,7.03,8.34,228467.98,1846316.05
01/04/2017,LTCUSD,7.25,7.73,6.65,7.61,143257.61,1029164.56
31/03/2017,LTCUSD,7.89,7.9,5.75,7.25,274377.89,1903348.15
30/03/2017,LTCUSD,4.3,9.9,4.26,7.89,382150.59,2739056.71
29/03/2017,LTCUSD,4.2,4.5,4.12,4.3,31159.86,133200.83
28/03/2017,LTCUSD,4.08,4.22,4.07,4.2,13802.31,57660.06
27/03/2017,LTCUSD,4.1,4.19,4.03,4.08,31272.96,128780.17
26/03/2017,LTCUSD,4.09,4.12,4.04,4.1,17015.12,69470.01
25/03/2017,LTCUSD,4.11,4.18,3.97,4.09,28307.47,114916.23
24/03/2017,LTCUSD,3.96,4.5,3.93,4.11,54808.63,227658.68
23/03/2017,LTCUSD,3.94,4.03,3.9,3.96,13081.96,51735.01
22/03/2017,LTCUSD,4.04,4.05,3.81,3.94,19297.13,75633.42
21/03/2017,LTCUSD,4.18,4.2,3.95,4.04,14631.47,59532.74
20/03/2017,LTCUSD,3.93,4.2,3.85,4.18,14199.91,57336.95
19/03/2017,LTCUSD,4.02,4.12,3.85,3.93,11722.05,47067.93
18/03/2017,LTCUSD,4.12,4.43,3.69,4.02,35574.6,145185.1
17/03/2017,LTCUSD,4.31,4.35,4,4.12,16207.12,68050.82
16/03/2017,LTCUSD,4.33,4.61,4.22,4.31,26304.3,115671.5
15/03/2017,LTCUSD,4.19,4.45,4.1,4.33,12627.06,53606.49
14/03/2017,LTCUSD,4.4,4.43,4.14,4.19,11034.41,46878.74
13/03/2017,LTCUSD,3.94,4.59,3.89,4.4,42518.54,178944.42
12/03/2017,LTCUSD,3.82,3.95,3.82,3.94,8772.58,34120.26
11/03/2017,LTCUSD,3.8,3.95,3.77,3.82,11047.37,42560.56
10/03/2017,LTCUSD,3.92,4.1,3.7,3.8,18535.12,71503.8
09/03/2017,LTCUSD,3.86,3.95,3.83,3.92,4531.54,17664.71
08/03/2017,LTCUSD,3.99,4.01,3.83,3.86,6430.8,24924.72
07/03/2017,LTCUSD,4.1,4.26,3.9,3.99,7519.73,30355.44
06/03/2017,LTCUSD,4.02,4.1,3.96,4.1,6314.51,25513.67
05/03/2017,LTCUSD,4.04,4.04,3.85,4.02,2678.46,10591.22
04/03/2017,LTCUSD,4.07,4.14,3.88,4.04,7149.99,28910.02
03/03/2017,LTCUSD,4.04,4.5,4.01,4.07,11345.61,46482.85
02/03/2017,LTCUSD,3.86,4.29,3.8,4.04,17914.12,71697.23
01/03/2017,LTCUSD,3.85,3.95,3.8,3.86,7024.1,27207.08
28/02/2017,LTCUSD,3.87,3.94,3.81,3.85,7178.05,27719.09
27/02/2017,LTCUSD,3.89,3.93,3.85,3.87,8118.85,31462.58
26/02/2017,LTCUSD,3.9,3.93,3.84,3.89,1609.56,6279.08
25/02/2017,LTCUSD,3.95,3.98,3.83,3.9,6196.69,24225.27
24/02/2017,LTCUSD,3.9,4,3.79,3.95,4441.76,17468.38
23/02/2017,LTCUSD,3.89,4,3.89,3.9,4162.74,16376.52
22/02/2017,LTCUSD,3.85,3.93,3.85,3.89,3827.01,14907.69
21/02/2017,LTCUSD,3.81,3.89,3.76,3.85,4251.94,16302.85
20/02/2017,LTCUSD,3.81,3.85,3.76,3.81,5834.8,22198.39
19/02/2017,LTCUSD,3.84,3.85,3.76,3.81,5782.49,21967.98
18/02/2017,LTCUSD,3.91,3.94,3.8,3.84,6207,24106
17/02/2017,LTCUSD,3.86,3.95,3.85,3.91,2416.17,9449.25
16/02/2017,LTCUSD,3.89,3.92,3.85,3.86,2015.25,7844.9
15/02/2017,LTCUSD,3.82,3.91,3.81,3.89,5192.11,20074.73
14/02/2017,LTCUSD,3.78,3.82,3.76,3.82,3759.67,14235.14
13/02/2017,LTCUSD,3.8,3.83,3.74,3.78,3918.84,14790.6
12/02/2017,LTCUSD,3.84,3.85,3.77,3.8,1874.13,7159.02
11/02/2017,LTCUSD,3.83,3.88,3.82,3.84,6102.78,23427.73
10/02/2017,LTCUSD,3.76,3.89,3.7,3.83,4467.94,16870.67
09/02/2017,LTCUSD,3.96,3.99,3.62,3.76,22605.5,84760.61
08/02/2017,LTCUSD,3.98,4.06,3.91,3.96,12368.11,48952.48
07/02/2017,LTCUSD,3.97,4.02,3.94,3.98,15672.25,62143.59
06/02/2017,LTCUSD,3.97,4.02,3.94,3.97,1563.38,6224.56
05/02/2017,LTCUSD,4.02,4.03,3.91,3.97,1422.82,5652.05
04/02/2017,LTCUSD,4.06,4.06,3.94,4.02,2869.52,11475.33
03/02/2017,LTCUSD,4.09,4.12,3.91,4.06,3788.11,15202.71
02/02/2017,LTCUSD,4.08,4.11,3.97,4.09,4402.83,17753.63
01/02/2017,LTCUSD,4.07,4.15,3.95,4.08,4344.7,17621.75
31/01/2017,LTCUSD,4.03,4.19,4.03,4.07,8629.56,35332.93
30/01/2017,LTCUSD,3.88,4.09,3.83,4.03,5940.04,23569.63
29/01/2017,LTCUSD,3.87,3.9,3.84,3.88,555.21,2151.59
28/01/2017,LTCUSD,3.9,3.9,3.85,3.87,779.02,3018.29
27/01/2017,LTCUSD,3.86,3.96,3.79,3.9,4136.72,16094.38
26/01/2017,LTCUSD,3.69,3.93,3.68,3.86,3798.15,14569.74
25/01/2017,LTCUSD,3.76,3.81,3.65,3.69,4379.69,16327.36
24/01/2017,LTCUSD,3.85,3.89,3.76,3.76,2644.01,10065.35
23/01/2017,LTCUSD,3.86,3.92,3.83,3.85,1230.11,4740.32
22/01/2017,LTCUSD,3.92,3.97,3.85,3.86,1711.05,6664.88
21/01/2017,LTCUSD,3.88,3.93,3.88,3.92,620.48,2425.73
20/01/2017,LTCUSD,3.88,3.95,3.86,3.88,893.27,3490.55
19/01/2017,LTCUSD,3.89,3.96,3.83,3.88,3095.56,12060.09
18/01/2017,LTCUSD,3.93,3.95,3.81,3.89,2195.3,8536.72
17/01/2017,LTCUSD,3.88,4.16,3.87,3.93,1774.48,7050.37
16/01/2017,LTCUSD,3.96,3.98,3.88,3.88,286.51,1128.4
15/01/2017,LTCUSD,4,4.1,3.95,3.96,1491.42,5948.97
14/01/2017,LTCUSD,3.97,4.25,3.92,4,1845.2,7599.47
13/01/2017,LTCUSD,4,4.06,3.9,3.97,734.43,2935.3
12/01/2017,LTCUSD,4.02,4.14,3.79,4,6095.85,23697.68
11/01/2017,LTCUSD,4.67,4.68,3.93,4.02,2254.06,9396.61
10/01/2017,LTCUSD,4.39,4.75,4.04,4.67,2519.56,11317.1
09/01/2017,LTCUSD,4.03,4.4,3.89,4.39,2350.53,9637.79
08/01/2017,LTCUSD,3.98,4.4,3.98,4.03,702.75,2880.47
07/01/2017,LTCUSD,3.88,4.49,3.66,3.98,3189.09,12856.93
06/01/2017,LTCUSD,4.23,4.34,3.83,3.88,1994.85,8047.56
05/01/2017,LTCUSD,4.55,4.88,3.88,4.23,7297.45,31928.73
04/01/2017,LTCUSD,4.55,5.99,4.45,4.55,8610.91,40793.67
03/01/2017,LTCUSD,4.56,4.65,4.42,4.55,1619.48,7374.14
02/01/2017,LTCUSD,4.51,4.9,4.4,4.56,5926.67,27181.45
01/01/2017,LTCUSD,4.36,4.57,4.34,4.51,3098.39,13853.97
31/12/2016,LTCUSD,4.35,4.48,4.28,4.36,1399.92,6205.18
30/12/2016,LTCUSD,4.69,4.69,4.21,4.35,426.96,1889.1
29/12/2016,LTCUSD,4.53,5,4.4,4.69,1363.86,6340.89
28/12/2016,LTCUSD,4.33,4.6,4.3,4.53,1948.77,8717.86
27/12/2016,LTCUSD,4.23,4.52,4.18,4.33,1157.07,5002.66
26/12/2016,LTCUSD,4.3,4.37,4.13,4.23,470.91,2017.01
25/12/2016,LTCUSD,4.47,4.49,4.08,4.3,2399.4,10050.99
24/12/2016,LTCUSD,4.49,5.14,4.2,4.47,5936.48,26849.46
23/12/2016,LTCUSD,3.69,4.49,3.65,4.49,5734.25,23577.24
22/12/2016,LTCUSD,3.66,3.88,3.62,3.69,2927.68,10852.83
21/12/2016,LTCUSD,3.62,3.91,3.62,3.66,1092.59,4045.21
20/12/2016,LTCUSD,3.66,3.69,3.61,3.62,115.89,420.99
19/12/2016,LTCUSD,3.69,3.71,3.61,3.66,69.12,252.58
18/12/2016,LTCUSD,3.72,3.73,3.62,3.62,300.26,1107.04
17/12/2016,LTCUSD,3.64,3.72,3.6,3.72,175.22,639.4
16/12/2016,LTCUSD,3.64,3.68,3.56,3.64,178.69,651.86
15/12/2016,LTCUSD,3.6,3.7,3.5,3.5,313.7,1130.79
14/12/2016,LTCUSD,3.65,3.66,3.6,3.6,278.33,1007.56
13/12/2016,LTCUSD,3.64,3.68,3.62,3.65,13.05,47.44
12/12/2016,LTCUSD,3.64,3.69,3.62,3.64,256.32,931.08
11/12/2016,LTCUSD,3.7,3.7,3.61,3.64,42.16,155.11
10/12/2016,LTCUSD,3.74,3.74,3.63,3.7,62.14,227.51
09/12/2016,LTCUSD,3.65,3.74,3.61,3.74,260.5,957.34
08/12/2016,LTCUSD,3.67,3.77,3.63,3.65,1858.38,6925.82
07/12/2016,LTCUSD,3.51,3.86,3.5,3.67,1074.52,3936.99
06/12/2016,LTCUSD,3.58,3.58,3.42,3.5,98.57,345.38
05/12/2016,LTCUSD,3.89,3.89,3.32,3.58,4942.56,17378.91
04/12/2016,LTCUSD,3.9,3.92,3.86,3.89,157.4,613.45
03/12/2016,LTCUSD,3.94,3.94,3.87,3.9,101.1,393.87
02/12/2016,LTCUSD,3.88,3.94,3.87,3.94,417.25,1626.24
01/12/2016,LTCUSD,3.84,3.89,3.84,3.88,163.51,634.55
30/11/2016,LTCUSD,3.83,3.98,3.51,3.84,1834.57,7032.05
29/11/2016,LTCUSD,3.84,3.91,3.81,3.83,723.21,2764.75
28/11/2016,LTCUSD,3.87,3.92,3.81,3.84,1017.72,3946.49
27/11/2016,LTCUSD,3.86,3.89,3.82,3.87,108.29,417.43
26/11/2016,LTCUSD,3.87,3.91,3.81,3.86,1275.01,4868.94
25/11/2016,LTCUSD,3.9,3.91,3.85,3.87,156.78,607.24
24/11/2016,LTCUSD,3.86,3.93,3.86,3.9,190.94,742.37
23/11/2016,LTCUSD,3.9,3.97,3.86,3.86,346.85,1360.12
22/11/2016,LTCUSD,3.93,3.99,3.88,3.9,860.44,3382.46
21/11/2016,LTCUSD,3.89,3.93,3.87,3.93,130.62,509.35
20/11/2016,LTCUSD,3.92,3.99,3.86,3.89,164.13,643.37
19/11/2016,LTCUSD,3.87,3.99,3.85,3.92,256.35,1000.43
18/11/2016,LTCUSD,3.9,3.95,3.85,3.87,394.61,1532.63
17/11/2016,LTCUSD,3.92,3.96,3.81,3.9,2415.8,9243.17
16/11/2016,LTCUSD,3.92,4.06,3.86,3.92,2463.69,9754.85
15/11/2016,LTCUSD,3.87,3.96,3.84,3.92,1021.95,3958.04
14/11/2016,LTCUSD,3.86,3.91,3.81,3.87,165.44,641.31
13/11/2016,LTCUSD,3.75,3.94,3.65,3.86,3350.58,12636.37
12/11/2016,LTCUSD,3.8,3.85,3.72,3.75,2269.69,8554.23
11/11/2016,LTCUSD,3.8,3.86,3.79,3.8,156.89,599.74
10/11/2016,LTCUSD,3.98,3.98,3.79,3.8,297.62,1147.5
09/11/2016,LTCUSD,3.91,3.99,3.77,3.98,2072.32,8051.96
08/11/2016,LTCUSD,3.88,3.91,3.84,3.91,473.42,1836.47
07/11/2016,LTCUSD,3.91,3.92,3.83,3.88,530.28,2051.78
06/11/2016,LTCUSD,3.87,3.93,3.85,3.91,56.16,217.78
05/11/2016,LTCUSD,3.88,3.94,3.86,3.87,269.7,1049.03
04/11/2016,LTCUSD,3.9,3.98,3.77,3.88,2533.67,9733.85
03/11/2016,LTCUSD,4.07,4.34,3.8,3.9,5243.76,20486.6
02/11/2016,LTCUSD,4.02,4.35,3.99,4.07,1362.31,5672.28
01/11/2016,LTCUSD,3.98,4.5,3.92,4.02,2693.26,10896.7
31/10/2016,LTCUSD,3.93,4.07,3.92,3.98,269.31,1068.44
30/10/2016,LTCUSD,4.06,4.25,3.93,3.93,769.09,3101.77
29/10/2016,LTCUSD,3.9,4.24,3.9,4.06,1302.51,5253.2
28/10/2016,LTCUSD,3.99,4.02,3.88,3.9,736.25,2908.13
27/10/2016,LTCUSD,3.89,4.14,3.89,3.99,1250.54,5000.7
26/10/2016,LTCUSD,3.85,3.96,3.76,3.89,2443.09,9517.7
25/10/2016,LTCUSD,3.87,3.88,3.8,3.85,1236.91,4780.68
24/10/2016,LTCUSD,3.88,3.89,3.82,3.87,449.7,1742.74
23/10/2016,LTCUSD,3.84,3.89,3.7,3.88,1264.73,4876.49
22/10/2016,LTCUSD,3.79,3.88,3.75,3.84,1059.48,4058.56
21/10/2016,LTCUSD,3.8,3.81,3.75,3.79,554.79,2096.54
20/10/2016,LTCUSD,3.79,3.81,3.78,3.8,259.97,985.03
19/10/2016,LTCUSD,3.91,3.91,3.79,3.79,1150.12,4378.99
18/10/2016,LTCUSD,3.82,3.91,3.8,3.91,712.35,2726.28
17/10/2016,LTCUSD,3.88,3.94,3.82,3.82,254.53,984.55
16/10/2016,LTCUSD,3.92,3.94,3.86,3.88,20.33,79.6
15/10/2016,LTCUSD,3.82,3.94,3.82,3.92,90.52,353.96
14/10/2016,LTCUSD,3.83,3.92,3.82,3.82,41.21,158.99
13/10/2016,LTCUSD,3.8,3.93,3.8,3.83,2328.47,8964.19
12/10/2016,LTCUSD,3.83,3.83,3.79,3.8,668.96,2559.72
11/10/2016,LTCUSD,3.79,3.84,3.75,3.83,630.47,2391.72
10/10/2016,LTCUSD,3.84,3.84,3.79,3.79,506.01,1923.3
09/10/2016,LTCUSD,3.86,3.86,3.8,3.8,61.88,235.61
08/10/2016,LTCUSD,3.82,3.88,3.8,3.86,450,1729.48
07/10/2016,LTCUSD,3.82,3.87,3.8,3.82,209.98,807.59
06/10/2016,LTCUSD,3.88,3.88,3.78,3.82,2211.69,8462.5
05/10/2016,LTCUSD,3.85,3.91,3.79,3.88,1121.28,4303.05
04/10/2016,LTCUSD,3.83,3.9,3.81,3.85,2282.76,8799.22
03/10/2016,LTCUSD,3.83,3.94,3.83,3.83,788.02,3056.83
02/10/2016,LTCUSD,3.85,3.86,3.82,3.83,94.91,364.52
01/10/2016,LTCUSD,3.81,3.86,3.81,3.85,384.99,1480.88
30/09/2016,LTCUSD,3.86,3.87,3.8,3.81,1087.66,4150
29/09/2016,LTCUSD,3.81,3.88,3.81,3.86,101.74,391.08
28/09/2016,LTCUSD,3.83,3.9,3.79,3.81,322.92,1235.95
27/09/2016,LTCUSD,3.92,3.92,3.79,3.83,979.07,3726.8
26/09/2016,LTCUSD,3.8,4,3.79,3.92,822,3234.18
25/09/2016,LTCUSD,3.87,3.87,3.8,3.8,243.91,930.18
24/09/2016,LTCUSD,3.83,4.06,3.83,3.87,281.43,1083.22
23/09/2016,LTCUSD,3.79,4.2,3.77,3.83,718.33,2727.28
22/09/2016,LTCUSD,3.76,5.05,3.76,3.79,2472.29,10771.79
21/09/2016,LTCUSD,4,6.72,3.61,3.82,2318.93,8902.36
20/09/2016,LTCUSD,3.86,4,3.76,4,2595.89,10062.6
19/09/2016,LTCUSD,3.87,3.93,3.8,3.86,441.01,1686.32
18/09/2016,LTCUSD,3.82,3.87,3.81,3.87,1268.13,4881.58
17/09/2016,LTCUSD,3.81,3.88,3.81,3.82,212.16,814.6
16/09/2016,LTCUSD,3.81,3.89,3.8,3.81,326.63,1247.18
15/09/2016,LTCUSD,3.85,3.95,3.81,3.81,608.84,2348.95
14/09/2016,LTCUSD,3.81,3.85,3.8,3.85,49.11,187.28
13/09/2016,LTCUSD,3.88,3.88,3.8,3.81,335.71,1282.62
12/09/2016,LTCUSD,3.9,3.96,3.77,3.88,838.62,3224.07
11/09/2016,LTCUSD,3.96,4.04,3.86,3.9,1163.77,4644.94
10/09/2016,LTCUSD,3.96,4,3.95,3.96,18.85,74.81
09/09/2016,LTCUSD,4.01,4.02,3.94,3.96,395.91,1579.08
08/09/2016,LTCUSD,3.96,4.03,3.95,4.01,81.54,325.43
07/09/2016,LTCUSD,3.95,4.03,3.91,3.96,502.14,1982.58
06/09/2016,LTCUSD,3.96,3.98,3.91,3.95,643.6,2540.44
05/09/2016,LTCUSD,4.02,4.07,3.94,3.96,450.33,1799.26
04/09/2016,LTCUSD,3.88,4.08,3.85,4.02,1144.97,4580.38
03/09/2016,LTCUSD,3.84,3.99,3.8,3.88,1738.77,6696.08
02/09/2016,LTCUSD,3.66,4.35,3.65,3.84,2749.11,10778.59
01/09/2016,LTCUSD,3.74,3.9,3.26,3.66,3598.05,13490.56
31/08/2016,LTCUSD,3.81,3.85,3.74,3.74,379.74,1439.1
30/08/2016,LTCUSD,3.77,3.85,3.74,3.81,368.34,1397.08
29/08/2016,LTCUSD,3.72,3.84,3.7,3.77,853.75,3258.39
28/08/2016,LTCUSD,3.78,3.78,3.62,3.72,1904.98,7111.87
27/08/2016,LTCUSD,3.81,3.85,3.62,3.78,1140.72,4295.72
26/08/2016,LTCUSD,3.81,3.9,3.77,3.81,3336.89,12746.27
25/08/2016,LTCUSD,3.84,3.88,3.75,3.81,5085.64,19276.6
24/08/2016,LTCUSD,3.95,3.96,3.61,3.84,5083.21,19247.53
23/08/2016,LTCUSD,3.95,3.95,3.87,3.95,443.86,1737.31
